File_Name,Total_Area,Endoderm_Area,Intact_Droplet_Area,Consumed_Blob_Area,Total_Vacuole_Area,Consumption_Index,Intact_Count,Blob_Count,Vacuole_Percentage_Total
Slide700_20x_BF_42_HF.20x_BF_42.oir,316279.618,229584.36,99146.4333,13514.0827,112660.516,0.12,1725,25,35.6205
Slide700_20x_BF_14_HF.20x_BF_14.oir,378699.686,258316.612,93051.7132,21460.4383,114512.152,0.1874,1879,48,30.2382
Slide700_20x_BF_04_HF.oir,296962.69,172413.904,63382.0601,3419.3441,66801.4042,0.05119,1707,8,22.4949
Slide702_20x_BF_13_HF.oir,282494.861,181804.486,87091.7216,13714.1136,100805.835,0.136,1789,34,35.6841
Slide704_20x_BF_15_HF.20x_BF_15.oir,238723.553,168187.314,53420.3255,20285.744,73706.0695,0.2752,1153,39,30.8751
Slide706_20x_BF_11_HF.oir,260057.285,173319.142,55178.6183,2928.5636,58107.1818,0.0504,1617,7,22.344
Slide706_20x_BF_28_HF.oir,287614.693,205718.902,57984.0744,12696.79,70680.8643,0.1796,1636,20,24.5748
Slide706_20x_BF_19_HF.oir,184040.964,114431.03,41665.5852,3799.0879,45464.6731,0.08356,1029,10,24.7036
Slide706_20x_BF_02_HF.20x_BF_02.oir,186045.247,128027.359,53600.7882,2434.9341,56035.7222,0.04345,1284,7,30.1194
Slide707_20x_BF_04_HF.20x_BF_04.oir,306739.838,216245.117,84271.3457,4552.8776,88824.2233,0.05126,2278,11,28.9575
Slide707_20x_BF_18_HF.oir,221379.493,133167.509,50005.18,5560.6046,55565.7845,0.1001,1259,13,25.0998
Slide708_20x_BF_18_HF.oir,245424.139,158719.284,60721.1541,33365.2768,94086.4309,0.3546,1222,60,38.3363
Slide708_20x_BF_05_HF.oir,215719.023,135262.51,44161.7731,8506.6371,52668.4102,0.1615,931,18,24.4153
Slide709_20x_BF_01_NF.oir,300163.709,188769.806,81274.6306,21573.1244,102847.755,0.2098,1976,37,34.2639
Slide706_20x_BF_13_HF.oir,316762.676,206405.74,90420.7219,9563.0972,99983.8191,0.09565,1898,26,31.5643
Slide710_20x_BF_40_NF.oir,278144.564,177879.667,38968.5416,29628.1925,68596.7341,0.4319,836,41,24.6623
Slide710_20x_BF_38_NF.oir,208066.116,126633.59,38941.1011,25661.5374,64602.6385,0.3972,779,41,31.0491
Slide711_20x_BF_26_NF.oir,193650.17,133994.698,43509.9482,14297.3372,57807.2854,0.2473,845,22,29.8514
Slide712_20x_BF_07_NF.oir,348869.588,215002.946,99785.8875,6703.7348,106489.622,0.06295,2475,16,30.5242
Slide713_20x_BF_23_NF.oir,308203.632,201147.431,103459.244,16734.6704,120193.914,0.1392,2349,38,38.9982
Slide713_20x_BF_01_NF.oir,362337.486,240925.993,121649.387,23900.0958,145549.482,0.1642,2490,56,40.1696
Slide713_20x_BF_28_NF.oir,232175.015,132627.695,48239.9146,7067.959,55307.8736,0.1278,1239,18,23.8216
Slide717_20x_BF_06_NF.oir,435619.877,334657.496,151248.864,31828.5326,183077.397,0.1739,3274,76,42.0269
Slide717_20x_BF_24_NF.oir,406709.637,273862.343,119801.2,21968.7628,141769.963,0.155,2692,49,34.8578
Slide717_20x_BF_05-01_NF.oir,258268.103,161922.928,61299.8042,11841.0355,73140.8397,0.1619,1730,25,28.3197
Slide717_20x_BF_05-02_NF.oir,329965.542,234443.581,90212.8187,38263.2602,128476.079,0.2978,2108,80,38.9362
