Sample No,morph,no of plaunlae per vile,Conc (Cells/mL),Average,Counts...,,,,,,,
600,HF,1,235000,23.5,16,31,17,30,,,,
601,HF,2,22500,2.25,3,2,3,1,,,,
602,HF,1,182000,18.2,3,26,33,22,7,,,
603,HF,3,90000,9,6,8,14,5,12,,,
604,HF,2,20000,2,3,2,0,3,2,,,
605,HF,3,63333.3333,6.3333,7,5,12,2,4,8,,
606,HF,3,457142.857,45.7143,23,52,81,44,46,22,52,
607,HF,3,166666.667,16.6667,19,20,9,19,19,14,,
608,HF,3,63750,6.375,2,2,6,7,3,10,13,8
609,HF,3,61666.6667,6.1667,5,2,10,14,1,5,,
610,NF,2,118571.429,11.8571,13,22,6,10,6,9,17,
611,NF,3,393333.333,39.3333,45,49,20,25,50,47,,
612,NF,3,163750,16.375,20,20,27,15,18,6,24,1
613,NF,3,77142.8571,7.7143,10,0,5,10,19,7,3,
614,NF,5,845714.286,84.5714,89,76,83,88,84,91,81,
615,NF,3,76666.6667,7.6667,6,13,15,2,4,6,,
616,NF,3,91428.5714,9.1429,7,13,23,0,3,12,6,
617,NF,3,178571.429,17.8571,9,13,20,15,23,31,14,
620,NF,3,373750,37.375,56,43,38,40,34,27,32,29
