sample id,morph,OD1,OD2,OD3,ave OD,ug/ml,no of planulae,con per planulae ug/ml,avarage vol,prot ug/mm3
600,HF,0.16,0.154,0.173,0.162,21.14698578,1,21.14698578,0.3024,69.93050854
601,HF,0.222,0.215,0.216,0.218,28.32823875,2,14.16411938,0.3024,46.8390191
602,HF,0.11,0.102,0.111,0.108,14.18017567,1,14.18017567,0.3024,46.89211531
603,HF,0.448,0.415,0.49,0.451,60.22864611,3,20.07621537,0.3024,66.38960109
604,HF,0.302,0.3,0.304,0.302,39.54082546,2,19.77041273,0.3024,65.37834898
605,HF,0.471,0.475,0.445,0.464,62.04406409,3,20.6813547,0.3024,68.39072321
606,HF,0.509,0.5,0.5,0.503,67.74278678,3,22.58092893,0.3024,74.67238402
607,HF,0.431,0.403,0.415,0.416,55.30764504,3,18.43588168,0.3024,60.9652172
608,HF,0.503,0.501,0.548,0.517,69.84317342,3,23.28105781,0.3024,76.98762503
609,HF,0.466,0.465,0.483,0.471,63.14748571,3,21.0491619,0.3024,69.60701688
610,NF,0.307,0.302,0.289,0.299,39.18108642,2,19.59054321,0.2698,72.61135364
611,NF,0.391,0.403,0.392,0.395,52.35958469,3,17.4531949,0.2698,64.68938063
612,NF,0.431,0.422,0.44,0.431,57.38122568,3,19.12707523,0.2698,70.89353309
613,NF,0.281,0.264,0.274,0.273,35.6472252,3,11.8824084,0.2698,44.04154337
614,NF,0.578,0.613,0.647,0.613,84.15750226,5,16.83150045,0.2698,62.38510175
615,NF,0.427,0.516,0.415,0.453,60.46697819,3,20.1556594,0.2698,74.70592809
616,NF,0.279,0.278,0.297,0.285,37.20872685,3,12.40290895,0.2698,45.97075223
617,NF,0.343,0.349,0.371,0.354,46.67278293,3,15.55759431,0.2698,57.66343332
620,NF,0.374,0.383,0.375,0.377,49.85188232,3,16.61729411,0.2698,61.59115681
