File_Name,Ecto_L1,Ecto_L2,Ecto_L3,Ecto_L4,Ecto_L5,Ecto_Avg,Total_Area_um2,Gastro_Cavity_Area_um2
Slide700_20x_BF_42_HF.20x_BF_42.oir,84.5019,36.7737,28.4938,33.4063,36.0355,43.8422,315861.94,237351.9
Slide700_20x_BF_14_HF.20x_BF_14.oir,44.796,25.7384,78.5252,45.0587,27.9773,44.4191,376822.48,267028.45
Slide700_20x_BF_04_HF.oir,35.4649,43.6603,49.2935,53.6961,97.0168,55.8263,296724.5,170856.02
Slide702_20x_BF_13_HF.oir,51.3554,92.0436,48.8465,48.5137,40.9241,56.3366,282539.32,181297.74
Slide704_20x_BF_15_HF.20x_BF_15.oir,24.1842,19.1591,47.7977,50.0068,38.669,35.9634,236981.9,169211.69
Slide706_20x_BF_13_HF.oir,68.1988,72.2721,37.3644,56.2732,66.7193,60.1656,314436.9,206601.87
Slide706_20x_BF_11_HF.oir,77.2158,43.5363,26.7442,25.1447,30.4932,40.6268,258416.85,174830.77
Slide706_20x_BF_28_HF.oir,37.8665,29.754,30.7904,48.6319,34.3144,36.2714,285332.41,210350.73
Slide706_20x_BF_19_HF.oir,40.284,43.8146,28.3249,40.0067,44.3047,39.347,178324.94,115717.59
Slide706_20x_BF_02_HF.20x_BF_02.oir,36.4081,27.095,39.5659,22.3389,27.2827,30.5381,186290.86,128928.02
Slide707_20x_BF_04_HF.20x_BF_04.oir,35.8476,47.97,50.8114,57.73,30.2438,44.5205,308457.57,214099.13
Slide707_20x_BF_18_HF.oir,31.1378,54.3795,73.9682,67.9414,29.6833,51.422,217929.48,135711.16
Slide708_20x_BF_18_HF.oir,51.0942,35.0524,32.8624,47.1088,53.4773,43.919,245230.78,161763.31
Slide708_20x_BF_05_HF.oir,26.6964,33.5263,30.3934,31.899,20.9911,28.7012,213864.84,134120.95
Slide709_20x_BF_01_NF.oir,63.3074,54.2401,36.0032,38.7124,48.4722,48.1471,297946.95,190608.4
Slide710_20x_BF_40_NF.oir,58.6915,56.9705,56.6499,51.0946,62.1753,57.1163,277918.07,180744.2
Slide710_20x_BF_38_NF.oir,37.6443,38.2126,33.7092,49.6277,69.3958,45.7179,209798.77,137584.01
Slide711_20x_BF_26_NF.oir,38.6496,42.0819,48.3902,40.7607,39.118,41.8001,196186.69,133403.23
Slide712_20x_BF_07_NF.oir,27.343,110.9557,36.4595,38.9558,37.6881,50.2804,347860.81,209634.72
Slide713_20x_BF_23_NF.oir,50.1967,37.5446,65.7616,91.2134,57.595,60.4623,306704.15,205080.8
Slide713_20x_BF_01_NF.oir,54.647,45.1585,76.4528,46.3547,41.9017,52.9029,366832.33,246314.38
Slide713_20x_BF_28_NF.oir,52.5836,83.6456,51.9902,56.5841,46.6716,58.295,230588.94,134666.62
Slide717_20x_BF_06_NF.oir,38.8469,53.3988,58.2238,42.7862,33.2354,45.2982,435719.74,345909.61
Slide717_20x_BF_24_NF.oir,61.3885,73.1131,57.0593,51.0351,42.7467,57.0685,407415.97,279398.06
Slide717_20x_BF_05-01_NF.oir,51.1526,77.0428,56.9218,35.7136,31.7625,50.5187,256736.16,158933.86
Slide717_20x_BF_05-02_NF.oir,36.6051,48.0917,75.0571,53.871,29.2713,48.5792,328619.68,232650.95
