Condition,Metric,p_value,HF_Value,NF_Value,N_HF,N_NF,Sig,Test_Used,Contrast_p,Test,ANOVA_Morph_p,ANOVA_Interact_p,Test_Statistic_Value,Metric(with units),Test_Used(M.W.U/T-test),Source_File
Ambient,Settlement (%),0.092617644,45.3571,35.2381,28,21,ns,Mann-Whitney U,,,,,,,,Supplementary_Table_All_Stats.csv
27°C,Settlement (%),0.947606785,36.6667,35.7143,9,7,ns,Independent T-test,,,,,,,,Supplementary_Table_All_Stats.csv
32°C,Settlement (%),1,22,18.5714,10,7,ns,Mann-Whitney U,,,,,,,,Supplementary_Table_All_Stats.csv
pH 7.8,Settlement (%),0.110175458,48,26,5,5,ns,Independent T-test,,,,,,,,Supplementary_Table_All_Stats.csv
pH 7.6,Settlement (%),0.076415596,42,20,5,5,ns,Mann-Whitney U,,,,,,,,Supplementary_Table_All_Stats.csv
50m,Settlement (%),0.686838219,56.6667,43.3333,6,6,ns,Mann-Whitney U,,,,,,,,Supplementary_Table_All_Stats.csv
Dark,Settlement (%),0.459148143,28.3333,35,6,6,ns,Mann-Whitney U,,,,,,,,Supplementary_Table_All_Stats.csv
Ambient,Respiration (nmol/mm3/min),0.2366,0.771,0.6869,84,45,ns,Mann-Whitney U,,,,,,,,Supplementary_Table_All_Stats.csv
27°C,Respiration (nmol/mm3/min),0.2891,0.2752,0.2159,28,25,ns,Mann-Whitney U,,,,,,,,Supplementary_Table_All_Stats.csv
32°C,Respiration (nmol/mm3/min),0.0283,0.1927,0.0467,9,7,*,Independent T-test,,,,,,,,Supplementary_Table_All_Stats.csv
pH 7.8,Respiration (nmol/mm3/min),0.0006,0.5525,1.025,24,18,***,Independent T-test,,,,,,,,Supplementary_Table_All_Stats.csv
pH 7.6,Respiration (nmol/mm3/min),0.1336,1.3122,1.0781,25,13,ns,Independent T-test,,,,,,,,Supplementary_Table_All_Stats.csv
50m,Respiration (nmol/mm3/min),0.042,0.6417,0.2834,18,10,*,Independent T-test,,,,,,,,Supplementary_Table_All_Stats.csv
Dark,Respiration (nmol/mm3/min),0.7147,0.4786,0.4242,10,8,ns,Independent T-test,,,,,,,,Supplementary_Table_All_Stats.csv
Ambient,Symbiont Density (cells/um2),0.963920636,0.019,0.0191,16,11,ns,T-test,,,,,,,,Supplementary_Table_All_Stats.csv
27°C,Symbiont Density (cells/um2),0.950492068,0.0296,0.0291,7,8,ns,T-test,,,,,,,,Supplementary_Table_All_Stats.csv
32°C,Symbiont Density (cells/um2),0.614467888,0.0112,0.0097,3,4,ns,T-test,,,,,,,,Supplementary_Table_All_Stats.csv
pH 7.8,Symbiont Density (cells/um2),0.748509933,0.0504,0.0434,5,3,ns,T-test,,,,,,,,Supplementary_Table_All_Stats.csv
pH 7.6,Symbiont Density (cells/um2),1,0.0264,0.0355,4,2,ns,Insufficient N,,,,,,,,Supplementary_Table_All_Stats.csv
50m,Symbiont Density (cells/um2),0.430498182,0.0123,0.0101,7,5,ns,T-test,,,,,,,,Supplementary_Table_All_Stats.csv
Dark,Symbiont Density (cells/um2),0.377951364,0.0061,0.0106,3,4,ns,T-test,,,,,,,,Supplementary_Table_All_Stats.csv
Ambient,Protein Density (ug/mm2),0.024041439,7.267,16.4665,14,13,*,Mann-Whitney,,,,,,,,Supplementary_Table_All_Stats.csv
27°C,Protein Density (ug/mm2),0.1773468,8.2364,5.7545,8,7,ns,T-test,,,,,,,,Supplementary_Table_All_Stats.csv
32°C,Protein Density (ug/mm2),0.397961995,10.8254,6.4058,5,3,ns,T-test,,,,,,,,Supplementary_Table_All_Stats.csv
pH 7.8,Protein Density (ug/mm2),0.879789972,9.3681,9.7811,5,3,ns,T-test,,,,,,,,Supplementary_Table_All_Stats.csv
pH 7.6,Protein Density (ug/mm2),0.8,9.0151,8.648,4,2,ns,Mann-Whitney,,,,,,,,Supplementary_Table_All_Stats.csv
50m,Protein Density (ug/mm2),0.926049167,13.9731,13.4461,7,5,ns,T-test,,,,,,,,Supplementary_Table_All_Stats.csv
Dark,Protein Density (ug/mm2),0.885714286,11.2754,10.1788,4,4,ns,Mann-Whitney,,,,,,,,Supplementary_Table_All_Stats.csv
Ambient,FvFm,0.8816,"0.3770 (0.3180, 0.4320)","0.3645 (0.3453, 0.3997)",51,12,ns,MWU,,,0.712977944,0.950150391,315,,,FIRe_Statistical_Summary.csv
27°C,FvFm,0.7116,0.3890 ± 0.0828,0.3943 ± 0.0575,65,32,ns,t-test,,,0.712977944,0.950150391,-0.370966831,,,FIRe_Statistical_Summary.csv
32°C,FvFm,0.7116,0.3890 ± 0.0828,0.3943 ± 0.0575,65,32,ns,t-test,,,0.712977944,0.950150391,-0.370966831,,,FIRe_Statistical_Summary.csv
pH 7.8,FvFm,0.2767,"0.3770 (0.3150, 0.4333)","0.3500 (0.3310, 0.3790)",60,9,ns,MWU,,,0.712977944,0.950150391,331.5,,,FIRe_Statistical_Summary.csv
pH 7.6,FvFm,0.2767,"0.3770 (0.3150, 0.4333)","0.3500 (0.3310, 0.3790)",60,9,ns,MWU,,,0.712977944,0.950150391,331.5,,,FIRe_Statistical_Summary.csv
50m,FvFm,0.7643,0.3441 ± 0.1062,0.3395 ± 0.0341,74,14,ns,t-test,,,0.712977944,0.950150391,0.30106297,,,FIRe_Statistical_Summary.csv
Dark,FvFm,0.7643,0.3441 ± 0.1062,0.3395 ± 0.0341,74,14,ns,t-test,,,0.712977944,0.950150391,0.30106297,,,FIRe_Statistical_Summary.csv
Ambient,Fm,0.0148,"10.4000 (9.6000, 13.5000)","9.2000 (8.2000, 10.1000)",51,12,*,MWU,,,1.49E-05,0.128711608,445.5,,,FIRe_Statistical_Summary.csv
27°C,Fm,0.5215,"10.2000 (9.1000, 13.5000)","10.0000 (7.9000, 12.4000)",65,32,ns,MWU,,,1.49E-05,0.128711608,1124,,,FIRe_Statistical_Summary.csv
32°C,Fm,0.5215,"10.2000 (9.1000, 13.5000)","10.0000 (7.9000, 12.4000)",65,32,ns,MWU,,,1.49E-05,0.128711608,1124,,,FIRe_Statistical_Summary.csv
pH 7.8,Fm,0.006,"10.7000 (9.6000, 14.0250)","8.5000 (7.3000, 10.7000)",60,9,**,MWU,,,1.49E-05,0.128711608,424.5,,,FIRe_Statistical_Summary.csv
pH 7.6,Fm,0.006,"10.7000 (9.6000, 14.0250)","8.5000 (7.3000, 10.7000)",60,9,**,MWU,,,1.49E-05,0.128711608,424.5,,,FIRe_Statistical_Summary.csv
50m,Fm,0.0024,"10.2000 (8.8750, 13.5000)","7.9000 (7.1500, 8.6500)",74,14,**,MWU,,,1.49E-05,0.128711608,784.5,,,FIRe_Statistical_Summary.csv
Dark,Fm,0.0024,"10.2000 (8.8750, 13.5000)","7.9000 (7.1500, 8.6500)",74,14,**,MWU,,,1.49E-05,0.128711608,784.5,,,FIRe_Statistical_Summary.csv
Ambient,Sigma,0.0028,"438.9000 (313.6000, 527.3000)","329.9000 (290.6750, 370.8500)",51,12,**,MWU,,,4.87E-09,0.988627267,477,,,FIRe_Statistical_Summary.csv
27°C,Sigma,0.0203,"425.1000 (313.6000, 532.7000)","365.9000 (281.0000, 446.7500)",65,32,*,MWU,,,4.87E-09,0.988627267,1343,,,FIRe_Statistical_Summary.csv
32°C,Sigma,0.0203,"425.1000 (313.6000, 532.7000)","365.9000 (281.0000, 446.7500)",65,32,*,MWU,,,4.87E-09,0.988627267,1343,,,FIRe_Statistical_Summary.csv
pH 7.8,Sigma,0.009,"452.4500 (350.3500, 528.6500)","365.9000 (293.9000, 385.7000)",60,9,**,MWU,,,4.87E-09,0.988627267,417,,,FIRe_Statistical_Summary.csv
pH 7.6,Sigma,0.009,"452.4500 (350.3500, 528.6500)","365.9000 (293.9000, 385.7000)",60,9,**,MWU,,,4.87E-09,0.988627267,417,,,FIRe_Statistical_Summary.csv
50m,Sigma,0.0002,442.9986 ± 160.9545,351.4357 ± 50.3452,74,14,***,t-test,,,4.87E-09,0.988627267,3.973001506,,,FIRe_Statistical_Summary.csv
Dark,Sigma,0.0002,442.9986 ± 160.9545,351.4357 ± 50.3452,74,14,***,t-test,,,4.87E-09,0.988627267,3.973001506,,,FIRe_Statistical_Summary.csv
