Metric(with units),Condition,HF_Value,NF_Value,N_HF,N_NF,p_value,Sig,Test_Used(M.W.U/T-test)
FvFm,Ambient,"0.3770 (0.3180, 0.4320)","0.3645 (0.3453, 0.3997)",51,12,0.8816,ns,MWU
FvFm,27°C,0.3890 ± 0.0828,0.3943 ± 0.0575,65,32,0.7116,ns,t-test
FvFm,32°C,0.3890 ± 0.0828,0.3943 ± 0.0575,65,32,0.7116,ns,t-test
FvFm,pH 7.8,"0.3770 (0.3150, 0.4333)","0.3500 (0.3310, 0.3790)",60,9,0.2767,ns,MWU
FvFm,pH 7.6,"0.3770 (0.3150, 0.4333)","0.3500 (0.3310, 0.3790)",60,9,0.2767,ns,MWU
FvFm,50m,0.3441 ± 0.1062,0.3395 ± 0.0341,74,14,0.7643,ns,t-test
FvFm,Dark,0.3441 ± 0.1062,0.3395 ± 0.0341,74,14,0.7643,ns,t-test
Fm,Ambient,"10.4000 (9.6000, 13.5000)","9.2000 (8.2000, 10.1000)",51,12,0.0148,*,MWU
Fm,27°C,"10.2000 (9.1000, 13.5000)","10.0000 (7.9000, 12.4000)",65,32,0.5215,ns,MWU
Fm,32°C,"10.2000 (9.1000, 13.5000)","10.0000 (7.9000, 12.4000)",65,32,0.5215,ns,MWU
Fm,pH 7.8,"10.7000 (9.6000, 14.0250)","8.5000 (7.3000, 10.7000)",60,9,0.0060,**,MWU
Fm,pH 7.6,"10.7000 (9.6000, 14.0250)","8.5000 (7.3000, 10.7000)",60,9,0.0060,**,MWU
Fm,50m,"10.2000 (8.8750, 13.5000)","7.9000 (7.1500, 8.6500)",74,14,0.0024,**,MWU
Fm,Dark,"10.2000 (8.8750, 13.5000)","7.9000 (7.1500, 8.6500)",74,14,0.0024,**,MWU
Sigma,Ambient,"438.9000 (313.6000, 527.3000)","329.9000 (290.6750, 370.8500)",51,12,0.0028,**,MWU
Sigma,27°C,"425.1000 (313.6000, 532.7000)","365.9000 (281.0000, 446.7500)",65,32,0.0203,*,MWU
Sigma,32°C,"425.1000 (313.6000, 532.7000)","365.9000 (281.0000, 446.7500)",65,32,0.0203,*,MWU
Sigma,pH 7.8,"452.4500 (350.3500, 528.6500)","365.9000 (293.9000, 385.7000)",60,9,0.0090,**,MWU
Sigma,pH 7.6,"452.4500 (350.3500, 528.6500)","365.9000 (293.9000, 385.7000)",60,9,0.0090,**,MWU
Sigma,50m,442.9986 ± 160.9545,351.4357 ± 50.3452,74,14,0.0002,***,t-test
Sigma,Dark,442.9986 ± 160.9545,351.4357 ± 50.3452,74,14,0.0002,***,t-test
