Metric,Condition,N_HF,N_NF,Contrast_p,Test,ANOVA_Morph_p,ANOVA_Interact_p,Test_Statistic_Value,Sig
FvFm,Ambient,51,12,0.881608896,MWU,0.712977944,0.950150391,315,ns
FvFm,27°C,65,32,0.711594825,t-test,0.712977944,0.950150391,-0.370966831,ns
FvFm,32°C,65,32,0.711594825,t-test,0.712977944,0.950150391,-0.370966831,ns
FvFm,pH 7.8,60,9,0.276702414,MWU,0.712977944,0.950150391,331.5,ns
FvFm,pH 7.6,60,9,0.276702414,MWU,0.712977944,0.950150391,331.5,ns
FvFm,50m,74,14,0.764322963,t-test,0.712977944,0.950150391,0.30106297,ns
FvFm,Dark,74,14,0.764322963,t-test,0.712977944,0.950150391,0.30106297,ns
Fm,Ambient,51,12,0.014808616,MWU,1.49E-05,0.128711608,445.5,*
Fm,27°C,65,32,0.521508922,MWU,1.49E-05,0.128711608,1124,ns
Fm,32°C,65,32,0.521508922,MWU,1.49E-05,0.128711608,1124,ns
Fm,pH 7.8,60,9,0.006005183,MWU,1.49E-05,0.128711608,424.5,**
Fm,pH 7.6,60,9,0.006005183,MWU,1.49E-05,0.128711608,424.5,**
Fm,50m,74,14,0.002392274,MWU,1.49E-05,0.128711608,784.5,**
Fm,Dark,74,14,0.002392274,MWU,1.49E-05,0.128711608,784.5,**
Sigma,Ambient,51,12,0.002813982,MWU,4.87E-09,0.988627267,477,**
Sigma,27°C,65,32,0.020251725,MWU,4.87E-09,0.988627267,1343,*
Sigma,32°C,65,32,0.020251725,MWU,4.87E-09,0.988627267,1343,*
Sigma,pH 7.8,60,9,0.008994674,MWU,4.87E-09,0.988627267,417,**
Sigma,pH 7.6,60,9,0.008994674,MWU,4.87E-09,0.988627267,417,**
Sigma,50m,74,14,0.000175754,t-test,4.87E-09,0.988627267,3.973001506,***
Sigma,Dark,74,14,0.000175754,t-test,4.87E-09,0.988627267,3.973001506,***
