"Supplementary Table 4. Summary of physiological, settlement, and photosynthetic performance metrics comparing High-Fluorescent (HF) and Non-Fluorescent (NF) Stylophora pistillata planulae across multiple experimental treatments and environmental stress conditions (Ambient, 27°C, 32°C, pH 7.8, pH 7.6, 50m light level, and Dark). The table includes mean values for each morphotype, sample sizes (nHF and nNF), p-values, statistical significance levels, and statistical tests used (Mann-Whitney U or Welch's t-test).",,,,,,,,,,,,,,,,
Metric,Condition,HF_Value,NF_Value,nHF,nNF,p_value,Sig,Test_Used,,,,,,,,
Settlement (%),Ambient,45.3571,35.2381,28,21,0.0926,ns,M.W.U,,,,,,,,
Settlement (%),27°C,36.6667,35.7143,9,7,0.9476,ns,T-test,,,,,,,,
Settlement (%),32°C,22,18.5714,10,7,1,ns,M.W.U,,,,,,,,
Settlement (%),pH 7.8,48,26,5,5,0.1101,ns,T-test,,,,,,,,
Settlement (%),pH 7.6,42,20,5,5,0.0764,ns,M.W.U,,,,,,,,
Settlement (%),50m,56.6667,43.3333,6,6,0.6868,ns,M.W.U,,,,,,,,
Settlement (%),Dark,28.3333,35,6,6,0.4591,ns,M.W.U,,,,,,,,
Respiration (nmol/mm3/min),Ambient,0.771,0.6869,84,45,0.2366,ns,M.W.U,,,,,,,,
Respiration (nmol/mm3/min),27°C,0.2752,0.2159,28,25,0.2891,ns,M.W.U,,,,,,,,
Respiration (nmol/mm3/min),32°C,0.1927,0.0467,9,7,0.0283,*,T-test,,,,,,,,
Respiration (nmol/mm3/min),pH 7.8,0.5525,1.025,24,18,0.0006,***,T-test,,,,,,,,
Respiration (nmol/mm3/min),pH 7.6,1.3122,1.0781,25,13,0.1336,ns,T-test,,,,,,,,
Respiration (nmol/mm3/min),50m,0.6417,0.2834,18,10,0.042,*,T-test,,,,,,,,
Respiration (nmol/mm3/min),Dark,0.4786,0.4242,10,8,0.7147,ns,T-test,,,,,,,,
Symbiont Density (cells/um2),Ambient,0.019,0.0191,16,11,0.9639,ns,T-test,,,,,,,,
Symbiont Density (cells/um2),27°C,0.0296,0.0291,7,8,0.9504,ns,T-test,,,,,,,,
Symbiont Density (cells/um2),32°C,0.0112,0.0097,3,4,0.6144,ns,T-test,,,,,,,,
Symbiont Density (cells/um2),pH 7.8,0.0504,0.0434,5,3,0.7485,ns,T-test,,,,,,,,
Symbiont Density (cells/um2),pH 7.6,0.0264,0.0355,4,2,1,ns,Insufficient N,,,,,,,,
Symbiont Density (cells/um2),50m,0.0123,0.0101,7,5,0.4304,ns,T-test,,,,,,,,
Symbiont Density (cells/um2),Dark,0.0061,0.0106,3,4,0.3779,ns,T-test,,,,,,,,
Protein Density (ug/mm2),Ambient,7.267,16.4665,14,13,0.024,*,M.W.U,,,,,,,,
Protein Density (ug/mm2),27°C,8.2364,5.7545,8,7,0.1773,ns,T-test,,,,,,,,
Protein Density (ug/mm2),32°C,10.8254,6.4058,5,3,0.3979,ns,T-test,,,,,,,,
Protein Density (ug/mm2),pH 7.8,9.3681,9.7811,5,3,0.8797,ns,T-test,,,,,,,,
Protein Density (ug/mm2),pH 7.6,9.0151,8.648,4,2,0.8,ns,M.W.U,,,,,,,,
Protein Density (ug/mm2),50m,13.9731,13.4461,7,5,0.926,ns,T-test,,,,,,,,
Protein Density (ug/mm2),Dark,11.2754,10.1788,4,4,0.8857,ns,M.W.U,,,,,,,,
FvFm,Ambient,0.377,0.3645,51,12,0.8816,ns,M.W.U,,,,,,,,
FvFm,27°C,0.389,0.3943,65,32,0.7116,ns,T-test,,,,,,,,
FvFm,32°C,0.389,0.3943,65,32,0.7116,ns,T-test,,,,,,,,
FvFm,pH 7.8,0.377,0.35,60,9,0.2767,ns,M.W.U,,,,,,,,
FvFm,pH 7.6,0.377,0.35,60,9,0.2767,ns,M.W.U,,,,,,,,
FvFm,50m,0.3441,0.3395,74,14,0.7643,ns,T-test,,,,,,,,
FvFm,Dark,0.3441,0.3395,74,14,0.7643,ns,T-test,,,,,,,,
Fm,Ambient,10.4,9.2,51,12,0.0148,*,M.W.U,,,,,,,,
Fm,27°C,10.2,10,65,32,0.5215,ns,M.W.U,,,,,,,,
Fm,32°C,10.2,10,65,32,0.5215,ns,M.W.U,,,,,,,,
Fm,pH 7.8,10.7,8.5,60,9,0.006,**,M.W.U,,,,,,,,
Fm,pH 7.6,10.7,8.5,60,9,0.006,**,M.W.U,,,,,,,,
Fm,50m,10.2,7.9,74,14,0.0024,**,M.W.U,,,,,,,,
Fm,Dark,10.2,7.9,74,14,0.0024,**,M.W.U,,,,,,,,
Sigma,Ambient,438.9,329.9,51,12,0.0028,**,M.W.U,,,,,,,,
Sigma,27°C,425.1,365.9,65,32,0.0203,*,M.W.U,,,,,,,,
Sigma,32°C,425.1,365.9,65,32,0.0203,*,M.W.U,,,,,,,,
Sigma,pH 7.8,452.45,365.9,60,9,0.009,**,M.W.U,,,,,,,,
Sigma,pH 7.6,452.45,365.9,60,9,0.009,**,M.W.U,,,,,,,,
Sigma,50m,442.9986,351.4357,74,14,0.0002,***,T-test,,,,,,,,
Sigma,Dark,442.9986,351.4357,74,14,0.0002,***,T-test,,,,,,,,
