ChamberNo,Temp,pH,Light,fluorescense level,Planula start number,Settled,setteled %,Dead %
G,23,8.2,10m,High fluorescense ,20,15,75,25
H,23,8.2,10m,High fluorescense ,20,10,50,50
I,23,8.2,10m,High fluorescense ,10,3,30,70
J,23,8.2,10m,High fluorescense ,10,7,70,30
K,23,8.2,10m,High fluorescense ,10,4,40,60
L,23,8.2,10m,High fluorescense ,10,6,60,40
M,23,8.2,10m,High fluorescense ,10,4,40,60
1,23,8.2,10m,High fluorescense ,10,4,40,60
4,23,8.2,10m,High fluorescense ,10,6,60,40
7,23,8.2,10m,High fluorescense ,10,4,40,60
97,23,8.2,10m,High fluorescense ,10,3,30,70
94,23,8.2,10m,High fluorescense ,10,7,70,30
34,23,8.2,10m,High fluorescense ,10,1,10,90
37,23,8.2,10m,High fluorescense ,10,5,50,50
40,23,8.2,10m,High fluorescense ,10,0,0,100
A,23,8.2,10m,No fluorescense,20,3,15,85
B,23,8.2,10m,No fluorescense,10,7,70,30
C,23,8.2,10m,No fluorescense,10,3,30,70
D,23,8.2,10m,No fluorescense,10,2,20,80
E,23,8.2,10m,No fluorescense,10,7,70,30
F,23,8.2,10m,No fluorescense,10,3,30,70
3,23,8.2,10m,No fluorescense,10,2,20,80
6,23,8.2,10m,No fluorescense,10,7,70,30
9,23,8.2,10m,No fluorescense,10,3,30,70
96,23,8.2,10m,No fluorescense,10,7,70,30
99,23,8.2,10m,No fluorescense,10,3,30,70
36,23,8.2,10m,No fluorescense,10,1,10,90
39,23,8.2,10m,No fluorescense,10,0,0,100
42,23,8.2,10m,No fluorescense,10,1,10,90
N,23,8.2,10m,Partial fluorescense,20,13,65,35
O,23,8.2,10m,Partial fluorescense,20,4,20,80
P,23,8.2,10m,Partial fluorescense,20,17,85,15
Q,23,8.2,10m,Partial fluorescense,20,1,5,95
R,23,8.2,10m,Partial fluorescense,10,0,0,100
S,23,8.2,10m,Partial fluorescense,10,7,70,30
T,23,8.2,10m,Partial fluorescense,10,0,0,100
U,23,8.2,10m,Partial fluorescense,10,7,70,30
V,23,8.2,10m,Partial fluorescense,10,0,0,100
2,23,8.2,10m,Partial fluorescense,10,0,0,100
5,23,8.2,10m,Partial fluorescense,10,7,70,30
8,23,8.2,10m,Partial fluorescense,10,0,0,100
95,23,8.2,10m,Partial fluorescense,10,0,0,100
98,23,8.2,10m,Partial fluorescense,10,7,70,30
35,23,8.2,10m,Partial fluorescense,10,7,70,30
38,23,8.2,10m,Partial fluorescense,10,7,70,30
41,23,8.2,10m,Partial fluorescense,10,6,60,40
117,23,8.2,10m,High fluorescense ,10,6,60,40
118,23,8.2,10m,High fluorescense ,10,3,30,70
119,23,8.2,10m,High fluorescense ,10,4,40,60
120,23,8.2,10m,High fluorescense ,10,4,40,60
121,23,8.2,10m,High fluorescense ,10,7,70,30
122,23,8.2,10m,No fluorescense,10,1,10,90
123,23,8.2,10m,No fluorescense,10,0,0,100
124,23,8.2,10m,No fluorescense,10,7,70,30
125,23,8.2,10m,No fluorescense,10,3,30,70
126,23,8.2,10m,No fluorescense,10,4,40,60
130,23,7.8,10m,High fluorescense ,10,2,20,80
131,23,7.8,10m,High fluorescense ,10,7,70,30
132,23,7.8,10m,High fluorescense ,10,4,40,60
133,23,7.8,10m,High fluorescense ,10,6,60,40
134,23,7.8,10m,High fluorescense ,10,5,50,50
135,23,7.8,10m,No fluorescense,10,2,20,80
136,23,7.8,10m,No fluorescense,10,2,20,80
137,23,7.8,10m,No fluorescense,10,0,0,100
138,23,7.8,10m,No fluorescense,10,4,40,60
139,23,7.8,10m,No fluorescense,10,5,50,50
140,23,7.6,10m,High fluorescense ,10,3,30,70
141,23,7.6,10m,High fluorescense ,10,3,30,70
142,23,7.6,10m,High fluorescense ,10,6,60,40
143,23,7.6,10m,High fluorescense ,10,3,30,70
144,23,7.6,10m,High fluorescense ,10,6,60,40
145,23,7.6,10m,No fluorescense,10,0,0,100
146,23,7.6,10m,No fluorescense,10,3,30,70
147,23,7.6,10m,No fluorescense,10,3,30,70
148,23,7.6,10m,No fluorescense,10,1,10,90
149,23,7.6,10m,No fluorescense,10,3,30,70
150,23,8.2,10m,High fluorescense ,10,0,0,100
151,23,8.2,10m,High fluorescense ,10,6,60,40
152,23,8.2,10m,High fluorescense ,10,7,70,30
153,23,8.2,10m,High fluorescense ,10,7,70,30
154,23,8.2,10m,High fluorescense ,10,6,60,40
155,23,8.2,10m,No fluorescense,10,4,40,60
156,23,8.2,10m,No fluorescense,10,5,50,50
157,23,8.2,10m,No fluorescense,10,3,30,70
158,23,8.2,10m,No fluorescense,10,4,40,60
159,23,8.2,10m,No fluorescense,10,2,20,80
